CARD5016000,CARD -PL Standard  ,CPPF,CARD501
CARD5016020,CARD -PL Sentinel Exp,CPPF,CARD501
CARD5016050,CARD -PL Sentinel No Peek,CPPF,CARD501
CARD5016070,CARD -PL Sentinel Tech Art  ,CPPF,CARD501
CARD5016080,CARD -PL Sent Tech Art II  ,CPPF,CARD501
CARD5016100,CARD -PL Tech Art,CPPF,CARD501
CARD5016180,CARD -PL Tech Art II  ,CPPF,CARD501
CARD5016300,CARD -PL Jumbo  ,CPPF,CARD501
CARD5016350,CARD -PL Jumbo No Peek,CPPF,CARD501
CARD5016370,CARD -PL Jumbo Tech Art,CPPF,CARD501
CARD5016400,CARD -PL Magnum,CPPF,CARD501
CARD5016550,CARD -PL Standard No Peek,CPPF,CARD501
CARD5016900,CARD -PL CUSTOM,CPPF,CARD501
CARD7111000,CARD-GTR Standard  ,CDKS,CARD711
CARD7111020,CARD-GTR Sentinel Exp  ,CDKS,CARD711
CARD7111050,CARD-GTR Sentinel No Peek  ,CDKS,CARD711
CARD7111070,CARD-GTR Sentinel Tech Art  ,CDKS,CARD711
CARD7111080,CARD-GTR Sent Tech Art II  ,CDKS,CARD711
CARD7111100,CARD-GTR Tech Art  ,CDKS,CARD711
CARD7111180,CARD-GTR Tech Art II  ,CDKS,CARD711
CARD7111190,CARD-GTR Tech Art New Tang  ,CDKS,CARD711
CARD7111200,CARD-GTR Grand Standard  ,CDKS,CARD711
CARD7111230,CARD-GTR Wagner  ,CDKS,CARD711
CARD7111260,CARD-GTR Grand Wagner  ,CDKS,CARD711
CARD7111290,CARD-GTR Grand Tang  ,CDKS,CARD711
CARD7111300,CARD-GTR Jumbo  ,CDKS,CARD711
CARD7111350,CARD-GTR Jumbo No Peek  ,CDKS,CARD711
CARD7111370,CARD-GTR Jumbo Tech Art  ,CDKS,CARD711
CARD7111380,CARD-GTR Jumbo Tech Art II  ,CDKS,CARD711
CARD7111400,CARD-GTR Magnum  ,CDKS,CARD711
CARD7111550,CARD-GTR Standard No Peek  ,CDKS,CARD711
CARD7111600,CARD-GTR Native American  ,CDKS,CARD711
CARD7111650,CARD-GTR AIF  ,CDKS,CARD711
CARD7111700,CARD-GTR PAN  ,CDKS,CARD711
CARD7111750,CARD-GTR CRAPS  ,CDKS,CARD711
CARD7111800,CARD-GTR Roulette  ,CDKS,CARD711
CARD7111900,CARD-GTR CUSTOM  ,CDKS,CARD711
CARD7112000,CARD-GAL Standard  ,CDKS,CARD711
CARD7112020,CARD-GAL Sentinel Exp  ,CDKS,CARD711
CARD7112050,CARD-GAL Sentinel No Peek  ,CDKS,CARD711
CARD7112070,CARD-GAL Sentinel Tech Art  ,CDKS,CARD711
CARD7112080,CARD-GAL Sent Tech Art II  ,CDKS,CARD711
CARD7112100,CARD-GAL Tech Art  ,CDKS,CARD711
CARD7112180,CARD-GAL Tech Art II  ,CDKS,CARD711
CARD7112190,CARD-GAL Tech Art New Tang  ,CDKS,CARD711
CARD7112200,CARD-GAL Grand Standard  ,CDKS,CARD711
CARD7112230,CARD-GAL Wagner  ,CDKS,CARD711
CARD7112260,CARD-GAL Grand Wagner  ,CDKS,CARD711
CARD7112290,CARD-GAL Grand Tang  ,CDKS,CARD711
CARD7112300,CARD-GAL Jumbo  ,CDKS,CARD711
CARD7112350,CARD-GAL Jumbo No Peek  ,CDKS,CARD711
CARD7112370,CARD-GAL Jumbo Tech Art  ,CDKS,CARD711
CARD7112380,CARD-GAL Jumbo Tech Art II  ,CDKS,CARD711
CARD7112400,CARD-GAL Magnum  ,CDKS,CARD711
CARD7112550,CARD-GAL Standard No Peek  ,CDKS,CARD711
CARD7112600,CARD-GAL Native American  ,CDKS,CARD711
CARD7112650,CARD-GAL AIF  ,CDKS,CARD711
CARD7112700,CARD-GAL PAN  ,CDKS,CARD711
CARD7112750,CARD-GAL CRAPS  ,CDKS,CARD711
CARD7112800,CARD-GAL Roulette  ,CDKS,CARD711
CARD7112900,CARD-GAL CUSTOM  ,CDKS,CARD711
CARD7121002,CARD-GTR Standard 2PK,CDKP,CARD712
CARD7121006,CARD-GTR Standard 6PK,CDKP,CARD712
CARD7121008,CARD-GTR Standard 8PK,CDKP,CARD712
CARD7121022,CARD-GTR Sentinel Exp 2PK,CDKP,CARD712
CARD7121026,CARD-GTR Sentinel Exp 6PK,CDKP,CARD712
CARD7121028,CARD-GTR Sentinel Exp 8PK,CDKP,CARD712
CARD7121052,CARD-GTR Sentinel No Peek 2PK,CDKP,CARD712
CARD7121056,CARD-GTR Sentinel No Peek 6PK,CDKP,CARD712
CARD7121058,CARD-GTR Sentinel No Peek 8PK,CDKP,CARD712
CARD7121072,CARD-GTR Sentinel Tech Art 2PK,CDKP,CARD712
CARD7121076,CARD-GTR Sentinel Tech Art 6PK,CDKP,CARD712
CARD7121078,CARD-GTR Sentinel Tech Art 8PK,CDKP,CARD712
CARD7121082,CARD-GTR Sent Tech Art II 2PK,CDKP,CARD712
CARD7121086,CARD-GTR Sent Tech Art II 6PK,CDKP,CARD712
CARD7121088,CARD-GTR Sent Tech Art II 8PK,CDKP,CARD712
CARD7121106,CARD-GTR Tech Art 6PK,CDKP,CARD712
CARD7121108,CARD-GTR Tech Art 8PK,CDKP,CARD712
CARD7121182,CARD-GTR Tech Art II 2PK,CDKP,CARD712
CARD7121186,CARD-GTR Tech Art II 6PK,CDKP,CARD712
CARD7121188,CARD-GTR Tech Art II 8PK,CDKP,CARD712
CARD7121208,CARD-GTR Grand Standard 8PK,CDKP,CARD712
CARD7121268,CARD-GTR Grand Wagner 8PK,CDKP,CARD712
CARD7121296,CARD-GTR Grand Tang 6PK,CDKP,CARD712
CARD7121298,CARD-GTR Grand Tang 8PK,CDKP,CARD712
CARD7121302,CARD-GTR Jumbo 2PK,CDKP,CARD712
CARD7121306,CARD-GTR Jumbo 6PK,CDKP,CARD712
CARD7121308,CARD-GTR Jumbo 8PK,CDKP,CARD712
CARD7121352,CARD-GTR Jumbo No Peek 2PK,CDKP,CARD712
CARD7121356,CARD-GTR Jumbo No Peek 6PK,CDKP,CARD712
CARD7121358,CARD-GTR Jumbo No Peek 8PK,CDKP,CARD712
CARD7121372,CARD-GTR Jumbo Tech Art 2PK,CDKP,CARD712
CARD7121376,CARD-GTR Jumbo Tech Art 6PK,CDKP,CARD712
CARD7121378,CARD-GTR Jumbo Tech Art 8PK,CDKP,CARD712
CARD7121382,CARD-GTR Jumbo Tech Art II 2PK,CDKP,CARD712
CARD7121386,CARD-GTR Jumbo Tech Art II 6PK,CDKP,CARD712
CARD7121388,CARD-GTR Jumbo Tech Art II 8PK,CDKP,CARD712
CARD7121408,CARD-GTR Magnum 8PK,CDKP,CARD712
CARD7121552,CARD-GTR Standard No Peek 2PK,CDKP,CARD712
CARD7121556,CARD-GTR Standard No Peek 6PK,CDKP,CARD712
CARD7121558,CARD-GTR Standard No Peek 8PK,CDKP,CARD712
CARD7121906,CARD-GTR CUSTOM 6PK,CDKP,CARD712
CARD7121908,CARD-GTR CUSTOM 8PK,CDKP,CARD712
CARD7122006,CARD-GAL Standard 6PK,CDKP,CARD712
CARD7122008,CARD-GAL Standard 8PK,CDKP,CARD712
CARD7122026,CARD-GAL Sentinel Exp 6PK,CDKP,CARD712
CARD7122028,CARD-GAL Sentinel Exp 8PK,CDKP,CARD712
CARD7122056,CARD-GAL Sentinel No Peek 6PK,CDKP,CARD712
CARD7122058,CARD-GAL Sentinel No Peek 8PK,CDKP,CARD712
CARD7122076,CARD-GAL Sentinel Tech Art 6PK,CDKP,CARD712
CARD7122078,CARD-GAL Sentinel Tech Art 8PK,CDKP,CARD712
CARD7122086,CARD-GAL Sent Tech Art II 6PK,CDKP,CARD712
CARD7122088,CARD-GAL Sent Tech Art II 8PK,CDKP,CARD712
CARD7122186,CARD-GAL Tech Art II 6PK,CDKP,CARD712
CARD7122188,CARD-GAL Tech Art II 8PK,CDKP,CARD712
CARD7122306,CARD-GAL Jumbo 6PK,CDKP,CARD712
CARD7122308,CARD-GAL Jumbo 8PK,CDKP,CARD712
CARD7122356,CARD-GAL Jumbo No Peek 6PK,CDKP,CARD712
CARD7122358,CARD-GAL Jumbo No Peek 8PK,CDKP,CARD712
CARD7122376,CARD-GAL Jumbo Tech Art 6PK,CDKP,CARD712
CARD7122378,CARD-GAL Jumbo Tech Art 8PK,CDKP,CARD712
CARD7122386,CARD-GAL Jumbo Tech Art II 6PK,CDKP,CARD712
CARD7122388,CARD-GAL Jumbo Tech Art II 8PK,CDKP,CARD712
CARD7122556,CARD-GAL Standard No Peek 6PK,CDKP,CARD712
CARD7122558,CARD-GAL Standard No Peek 8PK,CDKP,CARD712
CARD7122908,CARD-GAL CUSTOM 8PK,CDKP,CARD712
CARD7313000,CARD-PAR Standard  ,CDAS,CARD731
CARD7313020,CARD-PAR Sentinel Exp  ,CDAS,CARD731
CARD7313050,CARD-PAR Sentinel No Peek  ,CDAS,CARD731
CARD7313070,CARD-PAR Sentinel Tech Art  ,CDAS,CARD731
CARD7313080,CARD-PAR Sent Tech Art II  ,CDAS,CARD731
CARD7313100,CARD-PAR Tech Art  ,CDAS,CARD731
CARD7313180,CARD-PAR Tech Art II  ,CDAS,CARD731
CARD7313190,CARD-PAR Tech Art New Tang  ,CDAS,CARD731
CARD7313200,CARD-PAR Grand Standard  ,CDAS,CARD731
CARD7313230,CARD-PAR Wagner  ,CDAS,CARD731
CARD7313260,CARD-PAR Grand Wagner  ,CDAS,CARD731
CARD7313290,CARD-PAR Grand Tang  ,CDAS,CARD731
CARD7313300,CARD-PAR Jumbo  ,CDAS,CARD731
CARD7313350,CARD-PAR Jumbo No Peek  ,CDAS,CARD731
CARD7313370,CARD-PAR Jumbo Tech Art  ,CDAS,CARD731
CARD7313380,CARD-PAR Jumbo Tech Art II  ,CDAS,CARD731
CARD7313400,CARD-PAR Magnum  ,CDAS,CARD731
CARD7313550,CARD-PAR Standard No Peek  ,CDAS,CARD731
CARD7313600,CARD-PAR Native American  ,CDAS,CARD731
CARD7313650,CARD-PAR AIF  ,CDAS,CARD731
CARD7313700,CARD-PAR PAN  ,CDAS,CARD731
CARD7313750,CARD-PAR CRAPS  ,CDAS,CARD731
CARD7313800,CARD-PAR Roulette  ,CDAS,CARD731
CARD7313900,CARD-PAR CUSTOM  ,CDAS,CARD731
CARD7323008,CARD-PAR Standard 8PK,CDAP,CARD732
CARD7323076,CARD-PAR Sentinel Tech Art 6PK,CDAP,CARD732
CARD7323078,CARD-PAR Sentinel Tech Art 8PK,CDAP,CARD732
CARD7323206,CARD-PAR Grand Standard 6PK,CDAP,CARD732
CARD7323208,CARD-PAR Grand Standard 8PK,CDAP,CARD732
CARD7323266,CARD-PAR Grand Wagner 6PK,CDAP,CARD732
CARD7323268,CARD-PAR Grand Wagner 8PK,CDAP,CARD732
CARD7323296,CARD-PAR Grand Tang 6PK,CDAP,CARD732
CARD7323298,CARD-PAR Grand Tang 8PK,CDAP,CARD732
CARD7323906,CARD-PAR CUSTOM 6PK,CDAP,CARD732
CARD7323908,CARD-PAR CUSTOM 8PK,CDAP,CARD732
CARD9005000,CARD-IIM Standard  ,OUTI,CARD900