,Cards - FG,CARD
ARJOPRESHUFFLED,Card-Arjo-Preshuffle,CDAP
ARJOSINGLE,Card-Arjo-Single Deck,CDAS
SMOOTHPRESHUFFLED,Card-Koehler-Preshuffle,CDKP
SMOOTHSINGLE,Card-Koehler-Single Deck,CDKS
,Card-Retail,CDRT
,Promo-Custom,CPCF
12 MIL PLASTICSINGLE,Card-Plastic,CPPF
,Promo-Stock,CPSF
,Out-Cards-Import,OUTI
TRADITIONALPRESHUFFLED,Card-Koehler-Preshuffle,CDKP
TRADITIONALSINGLE,Card-Koehler-Single Deck,CDKS
14 MIL PLASTICSINGLE,Card-Plastic,CPPF
,,
,,
,,
,,
,,
,,
,,
,,
,,
,,
,,
,,
,,
,,
,,
,,
,,
,,
,,
,,
,,
,,
,,
,,
,,
,,
,,
,,
,,
,,
,,
,,
,,
,,
,,
,,
,,
,,
,,
,,
,,
,,
,,
,,
,,
,,
,,
,,
,,
,,
,,
,,
,,
,,
,,
,,
,,
,,
,,
,,
,,
,,
,,
,,
,,
,,
,,
,,
,,
,,
,,
,,
,,
,,
,,
,,
,,
,,
,,
,,
,,
,,
,,
,,
,,
,,
,,
,,
,,
,,
,,
,,
,,
,,
,,
,,
,,
,,
,,
,,
,,
,,
,,
,,
,,
,,
,,
,,
,,
,,
,,
,,
,,
,,
,,
,,
,,
,,
,,
,,
,,
,,
,,
,,
,,
,,
,,
,,
,,
,,
,,
,,
,,
,,
,,
,,
,,
,,
,,